{
    "MLPClassifier": {
        "Hawaii": {
            "continuous": 508.7000000000007,
            "intermittent": 711.3000000000029
        },
        "Bottom-up": {
            "continuous": 866.8999999999996,
            "intermittent": 915.1999999999989
        },
        "Tails": {
            "continuous": 1316.7000000000007,
            "intermittent": 2283.7000000000007
        },
        "Lupe": {
            "intermittent": 506.2000000000007,
            "continuous": 354.5
        }
    },
    "LeNet": {
        "Bottom-up": {
            "intermittent": 11053.599999999999,
            "continuous": 10614.900000000001
        },
        "Lupe": {
            "continuous": 1273.3999999999996,
            "intermittent": 1684.0999999999985
        },
        "Hawaii": {
            "continuous": 5777.000000000002,
            "intermittent": 7581.100000000002
        },
        "Tails": {
            "continuous": 15075.099999999999,
            "intermittent": 28786.199999999997
        }
    },
    "MobileNetV2": {
        "Tails": {
            "intermittent": 196670.09999999998,
            "continuous": 49220.2
        },
        "Bottom-up": {
            "continuous": 51432.700000000004,
            "intermittent": 60080.5
        },
        "Lupe": {
            "intermittent": 7670.700000000001,
            "continuous": 5311.799999999999
        }
    },
    "ResNet3": {
        "Hawaii": {
            "continuous": 21441.3,
            "intermittent": 33669.5
        },
        "Tails": {
            "intermittent": 322656.9,
            "continuous": 122001.5
        },
        "Bottom-up": {
            "intermittent": 94783.6,
            "continuous": 89730.80000000002
        },
        "Lupe": {
            "continuous": 12285.3,
            "intermittent": 16567.300000000003
        }
    },
    "DS-CNN": {
        "Bottom-up": {
            "intermittent": 305029.8,
            "continuous": 271321.3
        },
        "Hawaii": {
            "continuous": 28433.999999999996,
            "intermittent": 40299.200000000004
        },
        "Lupe": {
            "continuous": 9793.5,
            "intermittent": 12452.5
        },
        "Tails": {
            "intermittent": 529691.1000000001,
            "continuous": 284011.30000000005
        }
    }
}